<?xml version="1.0" encoding="UTF-8"?>
<addon 	id="script.mynewscript"
		name="My new script"
		version="0.0.3"
		provider-name="Emmanuel T.D.">
	<requires>
		<import addon="xbmc.python" version="2.14.0"/>
	</requires>
	<extension point="xbmc.python.script" library="addon.py">
		<provides>executable</provides>
	</extension>
	<extension point="xbmc.addon.metadata">
		<platform>all</platform>
		<summary>Just a simple test script</summary>
		<description>This script is totaly useless !</description>
		<disclaimer>Use it at your own risks...</disclaimer>
		<website></website>
		<source>https://github.com/ManuStrozor/strozor-addons/</source>
		<license></license>
		<assets>
			<icon>resources/icon.png</icon>
			<fanart>resources/fanart.jpg</fanart>
			<screenshot>screenshots/screenshot-01.jpg</screenshot>
            <screenshot>screenshots/screenshot-02.jpg</screenshot>
            <screenshot>screenshots/screenshot-03.jpg</screenshot>
		</assets>
	</extension>
</addon>
