<?xml version="1.0" encoding="UTF-8"?>
<addon 	id="plugin.video.tmdblists"
		name="My TMDB Lists"
		version="0.0.1"
		provider-name="ManuStrozor">
	<requires>
		<import addon="xbmc.python" version="2.14.0"/>
	</requires>
	<extension point="xbmc.python.script" library="addon.py">
		<provides>video</provides>
	</extension>
	<extension point="xbmc.addon.metadata">
		<platform>all</platform>
		<summary>All your TMDB lists in one place</summary>
		<description>This plugin shows you your TMDB lists</description>
		<disclaimer>You must create an account on themoviedb.org before using this plugin!</disclaimer>
		<source>https://github.com/ManuStrozor/strozor-addons/</source>
		<assets>
			<icon>icon.png</icon>
			<fanart>fanart.jpg</fanart>
		</assets>
	</extension>
</addon>
