<?xml version="1.0" encoding="UTF-8"?>
<addon  id="repository.strozor"
        name="Strozor Repository"
        version="0.0.1"
        provider-name="ManuStrozor">
    <extension point="xbmc.addon.repository" name="Strozor XBMC Addon Repository">
        <checksum>https://raw.githubusercontent.com/ManuStrozor/strozor-addons/master/addons.xml.md5</checksum>
        <info compressed="false">https://raw.githubusercontent.com/ManuStrozor/strozor-addons/master/addons.xml</info>
        <datadir zip="true">https://github.com/ManuStrozor/strozor-addons/raw/master/repo</datadir>
    </extension>
    <extension point="xbmc.addon.metadata">
        <summary>Strozor Repository</summary>
        <description>Strozor Repository contains plugins and scripts made by ManuStrozor: plugin.video.tmdblists, script.mynewscript. If you find a broken or non-working add-on please help by submitting fixes via GitHub.</description>
        <platform>all</platform>
    </extension>
</addon>