<?xml version="1.0" encoding="UTF-8"?>
<addon id="repository.strozor"
        name="Strozor Repository"
        version="0.0.1"
        provider-name="Emmanuel T.D.">
    <extension point="xbmc.addon.repository" name="Strozor XBMC Addon Repository">
        <checksum>https://raw.githubusercontent.com/ManuStrozor/strozor-addons/master/addons.xml.md5</checksum>
        <info compressed="false">https://raw.githubusercontent.com/ManuStrozor/strozor-addons/master/addons.xml</info>
        <datadir zip="true">https://github.com/ManuStrozor/strozor-addons/raw/master/repo</datadir>
    </extension>
    <extension point="xbmc.addon.metadata">
        <summary lang="fr">Strozor Repository</summary>
        <description lang="fr">Installer Strozor</description>
        <summary lang="en">Strozor Repository</summary>
        <description lang="en">Download and install Strozor</description>
        <platform>all</platform>
    </extension>
</addon>