<?xml version="1.0" encoding="UTF-8"?>
<addon 	id="script.mynewscript"
		name="My new script"
		version="0.0.2"
		provider-name="Emmanuel T.D.">
	<requires>
		<import addon="xbmc.python" version="2.13.0"/>
	</requires>
	<extension point="xbmc.python.script" library="addon.py"/>
	<extension point="xbmc.addon.metadata">
		<platform>all</platform>
		<summary>Just a simple test script</summary>
		<description>This script is totaly useless !</description>
		<disclaimer>Use it at your own risks...</disclaimer>
		<website></website>
		<source>https://github.com/ManuStrozor/strozor-addons/</source>
		<license></license>
		<assets>
			<icon>resources/icon.png</icon>
			<fanart>resources/fanart.jpg</fanart>
			<screenshot>screenshots/screen.png</screenshot>
		</assets>
		<news></news>
	</extension>
</addon>
